psraid,sample,cnvtsmp,lang,form,usr,usr1,cregion,density3,qs1,rsex,DriverText,DriverDanger,TeenText,TeenTalked,RegretText,Monitored,Spam,SleptPhone,Harassed,SendSext,ReceiveSext
100008,1,1,1,1,S,2,2,4, ,2,N,N, , ,1,2,1,1,2,2,2
100014,1,1,1,1,S,2,3,3, ,2,N,N,Y,N,2,2,1,2,2,2,2
100017,1,1,1,2,U,1,1,3, ,2,Y,Y, , , , , , , , , 
100027,1,1,1,1,S,2,1,3, ,2,Y,Y, , ,2,2,2,1,2,2,2
100039,1,1,1,1,S,2,3,4, ,1,Y,Y, , , , , , , , , 
100060,1,1,1,1,U,1,3,2, ,2,Y,Y, , ,2,2,2,1,1,2,2
100074,1,1,1,1,S,2,2,3, ,1,N,Y, ,N, ,2, ,2,2,2,2
100111,1,1,1,2,U,1,3,3, ,1,Y,Y, , , , , , , , , 
100118,1,1,1,1,S,2,2,5, ,2,Y,Y, , , ,1, ,1,2,2,2
100125,1,1,1,1,U,1,1,5, ,2,Y,Y, , ,2,2,2,1,2,2,2
100134,1,1,1,2,U,1,3,3, ,2,Y,Y, , , , , , , , , 
100176,1,1,1,1,R,3,2,1, ,2,Y,N, , ,2,2,2,1,2,2,2
100213,1,1,1,2,S,2,3,3, ,1,N,Y,N,Y,2,1,1,1,2,2,2
100246,1,1,1,1,S,2,3,1, ,2,Y,Y, , ,2,2,1,1,2,2,2
100289,1,1,1,2,S,2,1,4, ,2,Y,Y, , ,2,1,1,1,2,2,2
100297,1,1,1,1,S,2,3,1, ,1,Y,Y, , ,2,2,2,1,2,2,2
100338,1,1,1,2,S,2,2,1, ,1,Y,Y, , , , , , , , , 
100375,1,1,1,2,U,1,4,1, ,2,Y,N, , , , , , , , , 
100382,1,1,1,1,U,1,4,1, ,1,Y,Y,Y,N,1,2,2,1,2,2,2
100411,1,1,1,2,R,3,3,1, ,2,Y,Y,Y,N,2,1,2,1,2,2,2
100416,1,1,1,1,R,3,3,1, ,2,N,Y, , ,1,1,1,1,2,2,2
100436,1,1,1,1,S,2,3,3, ,2,N,Y,N,N,1,2,1,1,2,2,2
100448,1,1,1,2,S,2,2,3, ,1,Y,Y, , , , , , , , , 
100454,1,1,1,1,R,3,3,1, ,1,N,Y, , ,2,2,2,1,2,2,2
100508,1,1,1,1,S,2,4,2, ,2,Y,Y, , , , , , , , , 
100553,1,1,1,2,S,2,1,3, ,2,Y,Y, , , , , , , , , 
100556,1,1,1,1,S,2,3,4, ,2,Y,N, , ,2,2,1,1,1,2,2
100559,1,1,1,1,S,2,1,2, ,1,Y,Y, , , ,1, ,2,2,2,2
100567,1,1,1,2,S,2,3,4, ,2,N,Y, , ,2,1,2,1,2,2,2
100615,1,1,1,1,U,1,2,3, ,2,N,Y,N,N,2,2,2,1,2,2,2
100649,1,1,1,1,S,2,3,2, ,2,Y,Y, , , , , , , , , 
100716,1,1,1,1,S,2,4,4, ,1,N,Y, , , , , , , , , 
100800,1,1,1,1,R,3,3,1, ,2,N,N,Y,N,2,2,1,1,2,2,2
100890,1,1,1,2,U,1,4,2, ,2,N,Y, , , , , , , , , 
100903,1,1,1,2,U,1,2,2, ,1,Y,N, , , , , , , , , 
100908,1,1,1,2,R,3,2,1, ,1,N,N, , ,2,2,2,1,2,2,2
100920,1,1,1,1,R,3,3,2, ,2,Y,Y, , ,2,2,2,2,2,2,2
100940,1,1,1,1,S,2,3,4, ,2,Y,Y, , ,2,2,1,1,1,2,2
100958,1,1,1,1,U,1,1,5, ,2,N,Y, , ,2,2,2,1,2,1,1
100977,1,1,1,1,S,2,2,4, ,2,N,N, , ,1,2,2,1,2,2,2
100990,1,1,1,1,S,2,2,2, ,2,Y,N, ,N, ,1, ,1,2,2,2
100995,1,1,1,2,S,2,2,2, ,2,Y,N, , , , , , , , , 
101002,1,1,1,2,R,3,4,1, ,2,N,Y, , ,2,2,2,1,2,2,2
101058,1,1,1,2,R,3,4,1, ,2,Y,Y, , , , , , , , , 
101103,1,1,1,1,S,2,2,2, ,2,N,Y, , ,1,2,2,1,1,2,2
101156,1,1,1,2,U,1,2,5, ,2,Y,Y, , ,2,1,1,1,2,2,2
101157,1,1,1,2,S,2,3,2, ,2,Y,N, , ,2,2,2,1,2,2,2
101165,1,1,1,2,U,1,1,5, ,2,Y,Y, , , , , , , , , 
101181,1,1,1,1,S,2,2,2, ,2,N,N, , ,1,2,2,1,2,2,2
101204,1,1,1,2,S,2,2,3, ,2,Y,Y, , ,2,2,1,2,2,2,2
101226,1,1,1,2,U,1,2,2, ,1,Y,Y,Y,Y,2,1,2,1,2,2,2
101274,1,1,1,1,U,1,3,2, ,2,N,N, , ,1,2,2,1,2,2,2
101341,1,1,1,1,R,3,2,1, ,2,N,N, , ,2,2,1,2,2,2,2
101346,1,1,1,2,R,3,3,1, ,2,Y,N, , ,2,2,2,1,2,2,2
101379,1,1,1,2,R,3,4,1, ,1,Y,Y, , ,2,2,1,1,2,2,2
101384,1,1,1,1,S,2,4,3, ,1,N,Y,Y,Y,2,2,2,1,2,2,2
101389,1,1,1,1,S,2,4,1, ,2,N,Y, ,Y, ,2, ,1,2,2,2
101406,1,1,1,2,U,1,3,4, ,1,N,N, , ,1,2,1,1,2,2,2
101426,1,1,1,1,R,3,2,1, ,2,Y,Y, , , , , , , , , 
101445,1,1,1,1,S,2,1,3, ,2,N,N,N,N,1,2,2,1,2,2,1
101447,1,1,1,1,R,3,1,1, ,2,Y,Y,Y,Y,2,2,2,1,2,2,2
101517,1,1,1,1,S,2,3,3, ,2,N,Y, , ,1,2,2,1,2,2,2
101539,1,1,1,2,S,2,3,3, ,1,N,Y,Y,Y,1,2,2,1,2,2,1
101551,1,1,1,1,R,3,2,1, ,2,N,N, ,N, ,2, ,1,1,2,2
101582,1,1,1,2,S,2,3,4, ,2,Y,Y, , ,2,1,2,1,2,2,2
101584,1,1,1,2,S,2,2,1, ,2,Y,Y, , , ,2, ,1,2,2,2
101605,1,1,1,2,S,2,2,4, ,2,N,N,N,N,1,2,1,1,2,2,2
101653,1,1,1,1,S,2,3,2, ,2,N,Y, , , , , , , , , 
101659,1,1,1,1,R,3,2,1, ,1,N,N,N,Y,1,2,1,1,2,1,1
101766,1,1,1,2,S,2,3,3, ,2,N,Y, , ,2,2,2,1,2,2,2
101775,1,1,1,1,R,3,3,1, ,2,Y,Y, , ,2,2,2,2,2,2,2
101786,1,1,1,1,U,1,1,5, ,2,Y,Y, , , , , , , , , 
101793,1,1,1,1,S,2,1,5, ,1,Y,Y, , ,1,2,1,1,2,2,2
101813,1,1,1,2,S,2,4,2, ,2,N,N,N,N,2,2,2,1,2,2,1
101831,1,1,1,1,S,2,2,3, ,2,Y,Y, , , , , , , , , 
101835,1,1,1,2,S,2,4,3, ,2,N,Y, , , , , , , , , 
101840,1,1,1,1,S,2,4,2, ,2,Y,N, , ,2,1,2,2,2,2,2
101849,1,1,1,1,U,1,1,2, ,2,Y,Y, , , ,8, ,2,2,2,2
101865,1,1,1,2,S,2,4,2, ,2,N,N, , ,1,2,1,2,2,2,2
101907,1,1,1,2,S,2,4,3, ,2,Y,Y, , , , , , , , , 
101917,1,1,1,2,U,1,4,5, ,1,Y,Y, , , , , , , , , 
101929,1,1,1,1,U,1,4,3, ,1,Y,Y,Y,Y,1,2,1,1,1,2,2
101939,1,1,1,1,S,2,4,3, ,1,Y,Y, , ,2,2,1,1,2,2,2
101942,1,1,1,2,U,1,4,5, ,2,Y,Y, , , , , , , , , 
101945,1,1,1,2,R,3,4,1, ,2,Y,N, , , , , , , , , 
101949,1,1,1,1,U,1,4,4, ,1,N,Y,N,N,2,2,2,2,2,2,1
101967,1,1,1,2,S,2,3,4, ,2,N,N, , ,2,2,2,1,2,1,1
101973,1,1,1,2,S,2,2,5, ,1,Y,Y,Y,Y,1,2,2,1,2,2,2
101988,1,1,1,2,S,2,2,3, ,1,N,N,N,N,1,2,1,1,1,2,2
101999,1,1,1,1,S,2,1,3, ,1,Y,N,Y,Y,1,1,2,1,2,2,1
102007,1,1,1,1,R,3,1,2, ,1,Y,N,Y,Y,1,1,1,1,1,2,2
102012,1,1,1,1,S,2,3,4, ,2,N,Y, , ,2,8,2,1,2,2,2
102035,1,1,1,1,S,2,3,3, ,2,N,N,N,N,1,2,1,1,2,2,2
102065,1,1,1,1,S,2,2,1, ,1,N,N, , ,1,2,1,1,1,2,1
102087,1,1,1,2,S,2,4,2, ,2,N,Y, , ,1,1,1,1,2,2,1
102111,1,1,1,1,U,1,2,3, ,2,N,N, , , , , , , , , 
102155,1,1,1,2,R,3,1,2, ,2,N,Y, , ,1,2,1,1,2,2,1
102179,1,1,1,1,R,3,2,1, ,2,N,N, , , , , , , , , 
102185,1,1,1,2,R,3,2,1, ,2,Y,Y, , , ,1, ,1,2,2,2
102206,1,1,1,1,S,2,3,2, ,1,N,N, , ,1,2,1,1,2,2,2
102210,1,1,1,2,S,2,3,4, ,2,N,N,Y,N,2,2,2,1,2,2,2
102220,1,1,1,1,S,2,1,4, ,2,Y,N, , , ,2, ,2,2,2,2
102233,1,1,1,2,U,1,1,4, ,1,Y,Y, , , , , , , , , 
102266,1,1,1,1,S,2,1,2, ,1,Y,N, ,Y, ,2, ,2,2,2,2
102273,1,1,1,2,R,3,2,2, ,1,N,N,Y,N,2,2,2,2,2,2,2
102283,1,1,1,2,R,3,3,1, ,2,Y,Y, , ,2,1,8,2,2,2,2
102317,1,1,1,2,S,2,2,5, ,2,Y,N, , ,2,2,2,1,2,2,2
102364,1,1,1,1,U,1,2,3, ,2,Y,Y, , , , , , , , , 
102365,1,1,1,1,R,3,3,1, ,2,N,N, , , , , , , , , 
102382,1,1,1,1,U,1,3,2, ,2,Y,Y, , , , , , , , , 
102393,1,1,1,1,S,2,3,2, ,2,N,Y,N,N,1,2,2,1,2,2,2
102398,1,1,1,1,S,2,2,5, ,2,N,N,Y,Y,1,2,1,1,1,2,2
102408,1,1,1,1,U,1,3,2, ,1,Y,N,Y,Y,1,2,2,1,2,2,2
102453,1,1,1,1,R,3,2,1, ,1,N,Y,Y,N,2,2,1,1,2,2,2
102469,1,1,1,2,R,3,3,2, ,2,Y,Y, , , , , , , , , 
102474,1,1,1,1,R,3,1,1, ,1,Y,Y, , , , , , , , , 
102475,1,1,1,1,U,1,3,3, ,2,Y,Y, , , , , , , , , 
102486,1,1,1,2,R,3,3,5, ,2,Y,N, , ,2,2,1,1,2,2,2
102510,1,1,1,1,S,2,2,1, ,1,N,N, , ,2,2,1,1,1,2,2
102512,1,1,1,1,R,3,2,1, ,1,Y,Y, , ,1,2,2,1,2,2,1
102521,1,1,1,1,R,3,4,1, ,2,Y,N, , ,1,8,1,1,1,2,2
102527,1,1,1,2,S,2,4,3, ,2,Y,Y, , , , , , , , , 
102532,1,1,1,1,S,2,2,5, ,1,N,Y, , ,2,2,2,1,2,2,2
102566,1,1,1,2,U,1,4,5, ,2,Y,Y, , , ,2, ,2,2,2,2
102578,1,1,1,1,U,1,4,4, ,2,Y,N, , , ,2, ,2,2,2,2
102606,1,1,1,2,U,1,4,5, ,2,N,Y, , , ,2, ,2,2,2,2
102615,1,1,1,2,U,1,4,3, ,1,Y,Y, , ,1,2,1,1,2,2,2
102627,1,1,1,1,R,3,4,1, ,2,Y,Y, , , , , , , , , 
102634,1,1,1,2,S,2,4,3, ,1,Y,Y, , , , , , , , , 
102658,1,1,1,2,S,2,2,1, ,2,Y,Y, , ,2,2,2,1,2,2,2
102665,1,1,1,2,S,2,1,3, ,1,N,N,N,N,2,2,1,1,2,2,2
102672,1,1,1,2,R,3,4,3, ,2,N,N, , ,2,2,2,2,2,2,2
102709,1,1,1,2,R,3,3,2, ,2,Y,N, , , ,1, ,1,2,2,2
102730,1,1,1,2,S,2,1,2, ,1,Y,N, ,Y, ,2, ,1,2,2,2
102749,1,1,1,1,S,2,3,2, ,1,N,Y,Y,N,2,2,1,2,1,2,2
102809,1,1,1,2,R,3,3,1, ,2,N,N,Y,Y,2,2,1,2,1,2,2
102860,1,1,1,1,S,2,2,5, ,2,N,Y, , ,1,2,1,1,2,2,2
102864,1,1,1,1,U,1,3,4, ,2,Y,Y, , , , , , , , , 
102894,1,1,1,2,S,2,3,3, ,2,Y,Y, , ,2,2,2,1,2,2,2
102936,1,1,1,2,S,2,4,5, ,2,N,Y, , , ,8, ,2,2,2,2
102948,1,1,1,2,U,1,4,2, ,2,Y,Y, ,Y, ,2, ,1,2,2,2
102987,1,1,1,1,U,1,2,2, ,2,N,Y,N,N,2,2,1,1,2,2,2
102993,1,1,1,1,S,2,2,1, ,2,Y,N, , ,2,2,2,1,2,2,2
102998,1,1,1,1,R,3,3,1, ,1,N,N,N,N,1,2,1,1,1,2,1
103011,1,1,1,1,U,1,4,4, ,2,Y,Y, , , ,2, ,1,2,2,2
103040,1,1,1,1,U,1,1,3, ,1,Y,Y, , , , , , , , , 
103072,1,1,1,1,R,3,2,1, ,1,N,N,N,Y,2,2,1,1,1,2,2
103074,1,1,1,1,S,2,1,2, ,2,N,Y,Y,N,1,1,1,1,2,2,2
103081,1,1,1,2,S,2,4,3, ,2,Y,Y, , ,2,2,2,1,2,2,2
103127,1,1,1,1,R,3,1,1, ,2,N,Y, , , , , , , , , 
103139,1,1,1,1,S,2,2,3, ,2,N,N, , , , , , , , , 
103145,1,1,1,2,S,2,1,5, ,2,N,Y,N,N,1,2,2,1,2,2,2
103228,1,1,1,1,S,2,3,4, ,2,N,N, , ,1,2,1,1,1,2,2
103243,1,1,1,1,R,3,4,1, ,2,Y,N,Y,N,1,2,1,1,2,2,2
103245,1,1,1,1,U,1,4,2, ,2,Y,Y,Y,Y,1,2,1,1,2,2,1
103246,1,1,1,1,U,1,2,4, ,2,N,Y,Y,Y,2,2,2,2,2,2,2
103251,1,1,1,2,U,1,4,3, ,1,N,Y, , ,2,2,1,1,2,2,2
103258,1,1,1,2,S,2,4,3, ,2,Y,Y, , ,1,2,2,2,2,2,2
103259,1,1,1,2,U,1,4,3, ,1,N,N, , , , , , , , , 
103263,1,1,1,2,U,1,4,5, ,2,Y,Y, , , , , , , , , 
103289,1,1,1,1,S,2,3,2, ,2,Y,N, , ,1,2,1,1,1,2,2
103325,1,1,1,1,S,2,2,5, ,2,Y,Y, , , , , , , , , 
103327,1,1,1,2,R,3,3,1, ,2,Y,Y, , ,1,1,1,1,2,2,2
103342,1,1,1,2,S,2,3,3, ,2,N,N, , ,1,2,1,1,1,2,2
103347,1,1,1,1,S,2,4,1, ,1,Y,Y, , ,2,2,1,1,2,2,2
103358,1,1,1,2,S,2,1,4, ,2,Y,Y, , ,2,2,1,2,2,2,2
103379,1,1,1,1,U,1,4,3, ,1,N,Y,Y,Y,2,2,1,1,1,2,2
103381,1,1,1,2,S,2,2,2, ,2,N,N,Y,N,1,2,1,1,2,2,2
103385,1,1,1,2,S,2,3,4, ,1,N,N,Y,Y,2,2,1,1,1,2,2
103401,1,1,1,1,U,1,4,1, ,2,N,N, , , ,2, ,1,2,2,2
103452,1,1,1,2,R,3,3,2, ,1,N,Y,Y,N,2,2,2,1,2,2,2
103457,1,1,1,1,R,3,3,2, ,2,Y,Y, , , , , , , , , 
103461,1,1,1,1,S,2,4,1, ,1,N,N, , ,2,2,2,1,2,2,2
103528,1,1,1,1,S,2,3,1, ,2,Y,Y, , ,2,2,1,1,2,2,2
103544,1,1,1,1,S,2,4,5, ,1,N,N, , ,1,2,2,1,2,2,2
103554,1,1,1,1,S,2,4,1, ,2,N,Y,Y,Y,1,2,1,1,2,2,2
103556,1,1,1,1,U,1,2,2, ,1,N,Y, , , , , , , , , 
103611,1,1,1,2,R,3,3,1, ,2,N,Y,Y,N,1,2,1,1,2,2,2
103620,1,1,1,2,S,2,3,4, ,2,Y,Y, , , ,1, ,1,1,2,2
103626,1,1,1,2,R,3,3,1, ,2,N,N,N,N,2,2,2,1,2,2,2
103627,1,1,1,2,U,1,2,2, ,1,Y,Y, , , ,2, ,1,2,2,2
103697,1,1,1,2,S,2,1,4, ,1,Y,Y, , ,2,2,2,1,2,2,2
103707,1,1,1,1,S,2,1,3, ,2,Y,Y, , ,2,2,2,2,2,2,2
103731,1,1,1,1,R,3,2,1, ,1,N,Y, , ,2,2,2,1,2,2,2
103737,1,1,1,1,S,2,4,3, ,2,Y,Y, , , , , , , , , 
103766,1,1,1,1,S,2,4,3, ,1,N,Y,Y,Y,1,2,1,1,1,2,2
103768,1,1,1,2,U,1,3,2, ,1,N,Y,Y,Y,2,2,2,1,2,2,2
103769,1,1,1,2,R,3,2,1, ,2,Y,Y, , , , , , , , , 
103801,1,1,1,2,S,2,2,3, ,2,Y,N, , ,1,2,1,1,1,2,1
103814,1,1,1,1,S,2,2,3, ,1,N,N,Y,N,2,2,2,1,2,2,2
103874,1,1,1,1,R,3,3,2, ,2,N,Y,N,Y,1,2,1,1,1,2,2
103886,1,1,1,1,S,2,1,3, ,2,Y,Y, , , , , , , , , 
103892,1,1,1,1,R,3,2,1, ,2,N,Y, , ,2,2,2,2,2,2,2
103903,1,1,1,1,R,3,2,1, ,1,N,N,Y,Y,1,2,1,1,1,2,1
103937,1,1,1,1,S,2,1,5, ,1,Y,N, , , ,1, ,2,2,2,2
103942,1,1,1,2,S,2,2,1, ,2,N,N, , ,2,2,1,1,1,1,2
103977,1,1,1,2,U,1,3,2, ,2,N,N,Y,N,1,2,1,1,1,1,1
103987,1,1,1,2,U,1,3,4, ,2,N,N,N,N,1,2,1,1,1,2,2
104018,1,1,1,2,U,1,3,4, ,2,N,Y, , , ,2, ,1,1,2,2
104079,1,1,1,2,S,2,1,3, ,2,Y,Y, , , , , , , , , 
104088,1,1,1,1,U,1,1,4, ,2,Y,Y, , , , , , , , , 
104134,1,1,1,2,U,1,2,5, ,1,N,N,Y,Y,2,2,1,1,1,2,2
104135,1,1,1,2,R,3,3,1, ,1,Y,Y, , , , , , , , , 
104159,1,1,1,1,R,3,3,1, ,2,8,N,Y,N,2,8,2,1,2,2,2
104175,1,1,1,2,U,1,1,5, ,2,N,Y,Y,N,1,2,1,1,2,2,2
104176,1,1,1,1,S,2,4,3, ,1,Y,Y, , ,2,2,1,1,1,2,2
104177,1,1,1,1,S,2,4,3, ,2,Y,Y, , , ,2, ,2,2,2,2
104180,1,1,1,2,S,2,1,3, ,2,Y,Y, , ,2,2,1,1,2,2,2
104185,1,1,1,1,R,3,2,1, ,2,Y,N,Y,N,1,2,1,1,2,2,2
104203,1,1,1,1,S,2,4,4, ,2,N,Y, , , , , , , , , 
104244,1,1,1,2,S,2,2,3, ,2,N,N,Y,N,2,2,1,1,1,2,1
104252,1,1,1,2,R,3,3,1, ,2,N,Y, , , , , , , , , 
104262,1,1,1,2,U,1,4,1, ,1,Y,Y, , , , , , , , , 
104324,1,1,1,2,U,1,4,5, ,2,N,N,N,N,2,2,1,1,2,2,2
104326,1,1,1,1,U,1,4,5, ,2,N,Y, , ,1,2,2,1,2,2,2
104335,1,1,1,1,U,1,3,3, ,1,N,Y,Y,Y,2,2,1,2,1,2,1
104382,1,1,1,1,S,2,3,2, ,2,N,Y,N,N,2,2,2,2,1,2,2
104396,1,1,1,2,S,2,1,4, ,2,N,Y, ,Y, ,2, ,1,2,2,2
104429,1,1,1,2,S,2,1,2, ,2,N,N,N,N,1,1,1,1,2,2,2
104466,1,1,1,2,S,2,1,2, ,2,Y,Y, , , ,2, ,1,2,2,2
104503,1,1,1,1,S,2,2,3, ,1,Y,Y, , , , , , , , , 
104521,1,1,1,2,R,3,3,1, ,1,N,Y,Y,Y,1,2,1,1,2,2,2
104522,1,1,1,1,U,1,3,4, ,2,Y,Y, , , ,2, ,2,2,2,2
104530,1,1,1,1,S,2,2,3, ,2,N,Y, , ,1,2,2,1,2,2,2
104543,1,1,1,1,R,3,3,1, ,2,N,Y, , , , , , , , , 
104571,1,1,1,2,S,2,1,4, ,2,Y,Y, , , , , , , , , 
104606,1,1,1,2,S,2,1,3, ,2,N,N, , , , , , , , , 
104611,1,1,1,2,S,2,3,5, ,2,Y,Y, , , , , , , , , 
104635,1,1,1,2,S,2,1,2, ,2,N,Y, , ,1,2,2,1,2,2,2
104736,1,1,1,1,S,2,2,1, ,1,Y,Y, , , , , , , , , 
104749,1,1,1,1,S,2,2,4, ,1,Y,Y,Y,Y,1,1,2,1,2,2,2
104754,1,1,1,1,R,3,2,1, ,1,N,N, , ,1,2,1,1,1,2,2
104757,1,1,1,2,S,2,3,2, ,1,Y,Y, , , , , , , , , 
104784,1,1,1,2,R,3,3,2, ,2,Y,Y, , , ,8, ,1,1,2,2
104802,1,1,1,2,U,1,4,2, ,2,N,Y,Y,Y,2,2,2,1,2,2,2
104810,1,1,1,2,U,1,4,1, ,2,N,N,N,N,1,2,1,1,1,2,1
104823,1,1,1,1,R,3,4,1, ,2,Y,Y,Y,Y,1,2,2,1,1,2,2
104839,1,1,1,1,U,1,4,1, ,2,N,Y, , ,2,2,1,1,2,2,2
104843,1,1,1,1,U,1,4,4, ,1,N,N, , ,2,2,1,2,2,2,2
104853,1,1,1,1,U,1,4,2, ,1,N,N, , ,1,2,2,1,2,2,2
104868,1,1,1,1,R,3,2,1, ,2,N,N,N,N,1,2,1,1,2,2,2
104879,1,1,1,2,S,2,4,3, ,1,Y,Y, , ,2,2,2,1,2,2,2
104893,1,1,1,1,S,2,4,1, ,1,N,N, , ,2,2,2,1,2,2,2
104895,1,1,1,2,U,1,4,2, ,2,N,N,N,N,1,2,1,1,1,1,1
104897,1,1,1,2,U,1,4,3, ,2,N,N,Y,Y,2,2,1,1,2,2,1
104900,1,1,1,1,S,2,3,4, ,2,Y,Y, , , ,2, ,2,2,2,2
104933,1,1,1,1,U,1,1,5, ,2,N,Y,Y,Y,2,2,2,2,2,2,2
104964,1,1,1,2,U,1,3,2, ,2,N,Y,N,N,1,2,1,1,2,2,2
104986,1,1,1,1,R,3,3,2, ,2,Y,Y, , ,2,2,2,1,2,2,2
105037,1,1,1,1,S,2,2,4, ,1,Y,Y,Y,Y,2,2,2,1,2,2,2
105064,1,1,1,1,S,2,3,2, ,2,N,N, , , , , , , , , 
105070,1,1,1,2,U,1,3,5, ,2,Y,N, , ,1,2,2,1,2,1,2
105090,1,1,1,2,U,1,1,2, ,2,Y,Y, , , , , , , , , 
105098,1,1,1,2,U,1,3,3, ,2,Y,Y, , ,1,2,1,1,2,2,2
105113,1,1,1,2,R,3,2,1, ,2,N,N,Y,Y,2,2,2,2,2,2,2
105128,1,1,1,1,S,2,2,3, ,2,N,N, , , , , , , , , 
105138,1,1,1,1,U,1,4,2, ,1,N,Y, , , ,2, ,1,2,2,2
105154,1,1,1,1,R,3,3,1, ,2,N,N,N,N,1,2,2,1,1,1,1
105168,1,1,1,1,U,1,2,5, ,2,N,N,Y,Y,1,2,1,1,1,2,2
105238,1,1,1,1,S,2,1,5, ,2,N,Y,Y,Y,1,2,1,1,1,2,1
105241,1,1,1,1,S,2,2,2, ,2,Y,Y, , ,2,1,1,1,2,2,2
105264,1,1,1,1,S,2,3,3, ,2,Y,Y, , ,2,2,2,1,2,2,2
105283,1,1,1,2,S,2,2,1, ,2,N,N,N,N,1,2,1,1,1,2,2
105295,1,1,1,2,R,3,4,1, ,1,N,N, , , , , , , , , 
105306,1,1,1,2,U,1,2,1, ,1,N,N,Y,N,2,2,2,1,2,2,2
105311,1,1,1,2,S,2,3,5, ,1,N,Y,Y,Y,1,2,1,1,1,2,1
105320,1,1,1,2,U,1,4,1, ,2,Y,Y, , ,2,2,2,1,2,2,2
105342,1,1,1,1,S,2,4,3, ,2,N,Y,Y,Y,1,2,2,1,2,2,2
105386,1,1,1,1,R,3,2,1, ,2,Y,N, , ,2,2,1,2,2,2,2
105390,1,1,1,2,S,2,4,5, ,2,Y,N, , , , , , , , , 
105426,1,1,1,2,S,2,1,5, ,2,Y,Y, , ,2,2,1,1,2,2,2
105432,1,1,1,2,S,2,3,3, ,2,N,Y, , ,1,2,1,1,1,2,2
105434,1,1,1,2,S,2,3,2, ,1,N,N,N,N,2,2,2,1,2,2,2
105486,1,1,1,1,U,1,3,2, ,2,N,N, , ,1,1,1,1,2,2,2
105493,1,1,1,1,S,2,3,5, ,1,Y,Y,Y,N,2,2,2,1,2,2,2
105513,1,1,1,2,S,2,3,3, ,1,Y,Y, , ,1,2,2,1,2,2,2
105567,1,1,1,1,U,1,3,4, ,2,N,N, , ,1,2,1,1,2,2,2
105584,1,1,1,2,S,2,3,1, ,1,Y,N, , ,2,1,2,1,2,2,2
105604,1,1,1,1,R,3,2,1, ,2,N,N, , ,1,2,1,1,1,2,2
105609,1,1,1,1,U,1,2,3, ,2,Y,Y, , ,2,2,2,1,2,2,2
105639,1,1,1,1,U,1,3,4, ,2,Y,Y, , , , , , , , , 
105672,1,1,1,2,R,3,3,1, ,2,Y,Y, , ,2,2,1,2,2,2,2
105674,1,1,1,2,S,2,2,4, ,1,N,N, , , , , , , , , 
105692,1,1,1,1,R,3,3,1, ,1,N,N, , ,1,1,1,1,1,2,2
105724,1,1,1,2,S,2,3,3, ,2,N,Y, , ,1,2,1,1,2,2,2
105726,1,1,1,2,U,1,2,2, ,1,N,Y,N,N,1,2,1,1,2,2,2
105811,1,1,1,2,S,2,3,4, ,1,Y,Y, , ,1,1,2,2,2,2,2
105849,1,1,1,2,S,2,4,4, ,2,Y,Y, , , , , , , , , 
105855,1,1,1,1,R,3,3,1, ,1,N,N, , , , , , , , , 
105870,1,1,1,1,U,1,4,2, ,2,Y,8, , , ,2, ,2,2,2,2
105884,1,1,1,1,R,3,3,2, ,1,N,Y, , ,1,2,2,1,2,2,2
105886,1,1,1,2,R,3,3,2, ,2,N,Y,Y,Y,1,2,1,1,2,2,2
105891,1,1,1,2,R,3,3,2, ,1,Y,N, , ,1,2,1,1,2,2,2
105913,1,1,1,1,R,3,3,1, ,2,Y,Y, , , , , , , , , 
105919,1,1,1,1,R,3,3,1, ,2,N,Y, , , , , , , , , 
105938,1,1,1,1,S,2,3,1, ,2,Y,Y,Y,Y,2,1,2,2,2,2,2
105943,1,1,1,1,R,3,3,1, ,1,N,Y,Y,Y,1,2,1,1,2,1,1
105950,1,1,1,2,S,2,2,3, ,2,N,N,N,N,1,1,2,1,2,2,2
105967,1,1,1,2,S,2,3,1, ,2,N,Y, , , , , , , , , 
105991,1,1,1,1,U,1,4,2, ,2,Y,Y, , ,2,2,2,1,2,2,2
106006,1,1,1,2,R,3,2,1, ,1,N,Y,N,N,1,1,1,1,1,2,1
106010,1,1,1,1,R,3,4,1, ,1,N,Y, , ,2,2,1,2,2,2,2
106013,1,1,1,1,R,3,3,1, ,2,N,N,N,N,1,1,2,1,1,2,2
106037,1,1,1,2,U,1,4,2, ,2,Y,N, , ,1,2,1,1,2,2,2
106052,1,1,1,1,S,2,3,3, ,1,N,Y,N,N,2,2,1,1,2,2,2
106054,1,1,1,2,U,1,4,2, ,2,Y,Y, , , , , , , , , 
106070,1,1,1,2,R,3,3,1, ,2,Y,Y, , ,2,2,8,1,2,2,2
106074,1,1,1,2,S,2,4,1, ,2,N,N, , , , , , , , , 
106153,1,1,1,1,S,2,2,3, ,2,N,Y, , ,2,2,1,1,2,2,2
106156,1,1,1,1,S,2,2,5, ,2,N,N,Y,Y,1,2,1,1,1,1,1
106239,1,1,1,2,U,1,1,3, ,1,Y,N, , ,2,2,2,1,1,2,2
106244,1,1,1,1,S,2,1,2, ,2,N,N,N,N,1,2,1,1,2,2,2
106261,1,1,1,2,R,3,3,2, ,2,Y,Y,Y,Y,2,2,1,1,2,2,2
106278,1,1,1,1,R,3,2,2, ,2,Y,Y, , , ,2, ,1,2,2,2
106292,1,1,1,2,S,2,3,3, ,2,N,Y, , ,2,2,2,2,2,2,2
106323,1,1,1,1,U,1,3,4, ,2,Y,Y,Y,Y,2,2,1,1,2,2,2
106326,1,1,1,1,S,2,2,3, ,1,Y,Y, , , , , , , , , 
106388,1,1,1,2,S,2,3,2, ,2,Y,Y, , , , , , , , , 
106390,1,1,1,2,S,2,2,2, ,2,N,N,N,N,1,2,1,1,2,2,2
106392,1,1,1,2,S,2,3,1, ,2,Y,Y, , , , , , , , , 
106406,1,1,1,1,S,2,3,1, ,2,N,N, , , , , , , , , 
106409,1,1,1,1,S,2,2,1, ,2,N,N, , , ,2, ,2,2,2,2
106416,1,1,1,2,R,3,3,1, ,1,N,N,Y,N,1,2,1,1,1,2,2
106437,1,1,1,1,R,3,3,1, ,1,N,N,N,N,1,8,1,1,2,2,2
106441,1,1,1,1,S,2,3,5, ,2,Y,Y, , ,2,2,1,1,2,2,2
106454,1,1,1,2,R,3,3,1, ,2,N,Y, , , , , , , , , 
106474,1,1,1,1,S,2,2,5, ,1,Y,N, , , ,2, ,1,1,1,2
106490,1,1,1,2,S,2,1,2, ,2,N,N,Y,Y,1,2,1,1,2,2,2
106526,1,1,1,1,R,3,3,1, ,2,N,Y, , , , , , , , , 
106571,1,1,1,2,S,2,2,4, ,1,N,Y,N,N,1,2,1,2,2,2,2
106583,1,1,1,2,R,3,3,1, ,1,N,N,N,N,1,2,1,1,1,1,1
106596,1,1,1,1,R,3,3,1, ,1,N,N,N,N,2,2,1,1,2,2,1
106597,1,1,1,2,S,2,3,3, ,1,Y,Y, , , , , , , , , 
106615,1,1,1,1,S,2,3,1, ,2,N,Y, , ,1,2,2,1,1,2,2
106642,1,1,1,2,U,1,1,5, ,2,Y,Y, , ,1,2,1,1,2,2,2
106664,1,1,1,2,U,1,4,2, ,2,N,N, , ,1,8,1,1,2,2,2
106727,1,1,1,2,R,3,3,1, ,2,Y,Y, , ,2,2,1,1,2,2,1
106767,1,1,1,1,S,2,3,3, ,2,Y,Y, , ,2,2,2,1,2,2,2
106821,1,1,1,1,U,1,2,3, ,2,Y,Y, , ,2,2,1,1,1,2,2
106831,1,1,1,2,U,1,4,1, ,1,N,N,Y,Y,2,2,2,1,2,2,2
106833,1,1,1,1,S,2,4,1, ,2,Y,Y,Y,Y,1,8,1,1,1,2,1
106873,1,1,1,1,U,1,4,2, ,2,N,Y, , , , , , , , , 
106893,1,1,1,1,U,1,4,1, ,1,N,Y,N,N,1,2,1,1,2,2,2
106894,1,1,1,2,S,2,4,1, ,2,Y,Y, , ,1,2,1,1,1,2,2
106898,1,1,1,1,S,2,3,2, ,2,Y,Y, , , , , , , , , 
106905,1,1,1,1,R,3,3,2, ,2,N,N, , , , , , , , , 
106907,1,1,1,1,S,2,2,3, ,1,N,N,N,Y,2,2,1,1,2,1,2
106915,1,1,1,1,S,2,3,4, ,2,Y,N, , , ,2, ,1,2,2,2
106933,1,1,1,1,U,1,3,3, ,2,Y,Y,Y,N,2,8,2,1,2,2,2
106968,1,1,1,1,S,2,1,5, ,2,N,N, , ,2,8,1,1,2,2,2
106987,1,1,1,2,S,2,3,2, ,2,N,N, , ,1,2,1,1,1,2,2
106990,1,1,1,1,S,2,2,5, ,2,Y,Y, , ,1,2,2,1,1,2,2
107000,1,1,1,2,S,2,2,1, ,2,Y,Y, , , , , , , , , 
107008,1,1,1,2,S,2,1,4, ,1,Y,Y, ,Y, ,2, ,1,2,2,1
107020,1,1,1,1,S,2,3,2, ,2,N,N, , ,1,1,1,1,1,2,2
107031,1,1,1,1,R,3,1,2, ,2,N,N, , ,1,2,1,1,1,2,2
107039,1,1,1,1,S,2,3,1, ,2,N,N, , ,1,2,2,1,2,2,2
107055,1,1,1,1,U,1,2,5, ,2,N,N, , ,1,1,1,1,1,2,2
107079,1,1,1,2,S,2,2,3, ,1,Y,Y, , ,2,2,1,2,2,2,2
107080,1,1,1,2,R,3,1,1, ,2,Y,N, , , , , , , , , 
107081,1,1,1,2,S,2,1,2, ,1,N,Y, , ,1,1,2,1,2,2,2
107100,1,1,1,2,S,2,2,5, ,1,N,Y, , , , , , , , , 
107151,1,1,1,1,S,2,3,2, ,2,Y,Y, , ,2,2,2,1,2,2,2
107177,1,1,1,1,S,2,4,3, ,2,N,N, , ,2,2,2,1,2,2,2
107214,1,1,1,2,U,1,3,3, ,1,N,Y,N,N,1,2,1,1,1,2,1
107248,1,1,1,2,R,3,3,1, ,1,Y,Y, , ,2,2,2,1,2,2,2
107280,1,1,1,1,S,2,4,1, ,2,N,N, , ,1,2,1,1,2,2,2
107290,1,1,1,1,S,2,4,3, ,2,N,N, , ,2,1,1,1,1,2,2
107326,1,1,1,1,R,3,3,1, ,2,N,Y,Y,Y,2,1,1,1,1,2,2
107365,1,1,1,1,S,2,1,5, ,1,Y,N,Y,Y,2,2,2,1,2,2,2
107367,1,1,1,1,S,2,3,2, ,2,N,Y,Y,Y,2,2,1,1,2,2,2
107369,1,1,1,2,R,3,2,1, ,2,N,N,Y,Y,2,2,1,1,2,2,2
107384,1,1,1,2,S,2,2,3, ,2,Y,Y, , ,2,2,2,1,2,2,2
107386,1,1,1,2,S,2,1,4, ,2,N,N,Y,Y,1,1,1,1,2,2,2
107416,1,1,1,1,S,2,3,3, ,1,N,N, , ,2,2,1,1,2,2,2
107430,1,1,1,2,S,2,3,4, ,2,N,N, , , , , , , , , 
107499,1,1,1,2,U,1,1,5, ,2,N,Y, , ,2,2,1,1,2,2,2
107523,1,1,1,2,R,3,4,3, ,1,N,N,N,N,1,2,2,1,2,2,2
107541,1,1,1,1,U,1,2,4, ,1,N,N, , , , , , , , , 
107544,1,1,1,1,S,2,3,4, ,2,Y,Y, , ,1,2,1,1,2,1,1
107597,1,1,1,2,S,2,3,2, ,2,Y,Y, , ,1,1,1,1,2,2,2
107612,1,1,1,2,S,2,3,2, ,2,N,Y,N,N,1,2,2,1,1,2,2
107625,1,1,1,2,U,1,1,5, ,1,Y,N, , ,2,2,1,1,2,2,2
107667,1,1,1,2,U,1,1,5, ,2,Y,Y, , , ,2, ,1,2,2,2
107683,1,1,1,1,R,3,4,1, ,2,N,N,N,N,2,1,1,1,2,2,2
107685,1,1,1,2,S,2,3,4, ,2,Y,N, , ,2,2,2,1,2,2,2
107702,1,1,1,1,S,2,1,4, ,2,Y,N, , ,2,2,1,1,2,2,2
107817,1,1,1,1,R,3,2,1, ,2,Y,Y, , ,2,2,2,2,2,2,2
107847,1,1,1,1,R,3,4,1, ,2,Y,Y, , ,1,2,2,1,1,2,2
107869,1,1,1,2,U,1,3,2, ,2,Y,Y, , ,1,1,2,1,2,2,2
107907,1,1,1,2,S,2,1,4, ,1,Y,N,Y,Y,2,1,1,1,1,2,2
107911,1,1,1,2,R,3,2,1, ,1,N,N, , , , , , , , , 
107939,1,1,1,2,R,3,4,1, ,2,Y,Y,Y,Y,2,1,2,1,2,2,2
107946,1,1,1,2,R,3,4,1, ,2,N,Y, , ,2,2,2,1,2,2,2
107957,1,1,1,1,R,3,3,1, ,1,Y,Y,Y,Y,1,8,2,1,1,2,2
107972,1,1,1,2,S,2,1,3, ,2,Y,Y, , ,2,2,2,2,2,2,2
107986,1,1,1,1,S,2,2,4, ,2,N,Y, , ,2,2,2,1,2,2,2
107989,1,1,1,1,U,1,3,4, ,2,N,N,Y,Y,2,2,2,1,1,2,2
107992,1,1,1,2,R,3,2,2, ,2,Y,Y, , ,2,2,2,1,2,2,2
108015,1,1,1,2,S,2,3,3, ,2,N,N,N,N,1,2,1,1,1,2,2
108066,1,1,1,2,S,2,3,4, ,2,Y,N, , ,2,2,1,1,2,2,2
108070,1,1,1,2,S,2,1,4, ,2,Y,Y, , ,2,2,1,2,2,2,2
108084,1,1,1,2,S,2,4,3, ,1,N,N,Y,N,2,2,2,1,2,2,2
108145,1,1,1,2,S,2,1,4, ,1,Y,Y, , , , , , , , , 
108204,1,1,1,1,S,2,3,1, ,1,Y,Y, , ,2,2,2,1,2,2,2
108228,1,1,1,1,U,1,3,3, ,2,Y,Y, , , , , , , , , 
108280,1,1,1,2,R,3,1,1, ,2,Y,Y, , , , , , , , , 
108288,1,1,1,1,S,2,2,3, ,2,Y,Y, , , , , , , , , 
108324,1,1,1,1,R,3,2,1, ,1,Y,Y, , , , , , , , , 
108332,1,1,1,2,S,2,2,1, ,1,N,Y, , ,2,1,2,1,2,2,2
108344,1,1,1,2,R,3,4,1, ,2,N,Y, , ,1,2,2,1,2,2,2
108349,1,1,1,2,U,1,4,5, ,1,N,N,Y,Y,2,2,1,2,2,2,2
108412,1,1,1,2,S,2,2,1, ,2,N,N, ,N, ,2, ,1,2,2,2
108422,1,1,1,1,S,2,1,1, ,2,N,N,N,N,2,1,1,1,1,2,2
108432,1,1,1,1,R,3,3,1, ,1,Y,Y, , , ,1, ,1,2,2,2
108530,1,1,1,2,R,3,3,1, ,1,Y,N, , , , , , , , , 
108556,1,1,1,1,S,2,3,1, ,1,N,N, , , , , , , , , 
108583,1,1,1,1,S,2,2,2, ,2,N,N, , ,1,1,2,1,1,2,2
108622,1,1,1,1,U,1,3,3, ,2,Y,Y, , ,2,2,2,1,2,2,2
108645,1,1,1,2,S,2,4,2, ,2,N,Y, , , ,2, ,1,2,2,2
108671,1,1,1,1,S,2,2,1, ,1,N,Y,Y,N,1,1,1,1,1,1,1
108710,1,1,1,1,U,1,3,2, ,2,N,N, , , , , , , , , 
108740,1,1,1,1,S,2,4,2, ,2,Y,N, , ,2,8,2,1,2,2,2
108752,1,1,1,1,S,2,1,4, ,2,Y,N,Y,Y,2,8,1,1,2,2,2
108777,1,1,1,2,S,2,1,5, ,1,N,N,Y,Y,2,2,1,1,1,2,2
108813,1,1,1,1,S,2,4,4, ,2,Y,Y, , , , , , , , , 
108846,1,1,1,2,U,1,4,2, ,2,N,N,N,Y,1,2,2,1,2,2,2
108848,1,1,1,2,R,3,2,1, ,1,N,N, , ,1,2,1,1,1,2,1
108870,1,1,1,1,R,3,2,1, ,2,Y,Y, , , , , , , , , 
108919,1,1,1,2,U,1,4,1, ,2,9,9, , ,2,1,2,1,2,2,2
108920,1,1,1,1,U,1,4,1, ,1,N,N, , ,1,2,2,1,2,2,2
108978,1,1,1,2,S,2,4,1, ,1,Y,Y, , , , , , , , , 
109046,1,1,1,2,U,1,3,2, ,2,N,N, , ,1,2,2,1,2,2,2
109076,1,1,1,2,R,3,2,2, ,1,Y,Y, , ,1,2,2,1,2,2,2
109115,1,1,1,1,S,2,4,4, ,2,Y,N, , , ,2, ,2,2,2,2
109125,1,1,1,1,R,3,3,1, ,2,N,Y, , ,2,2,2,2,2,2,2
109131,1,1,1,2,S,2,4,1, ,2,Y,Y, , , , , , , , , 
109157,1,1,1,1,U,1,4,1, ,1,Y,N,Y,N,2,2,1,1,1,2,1
109161,1,1,1,2,U,1,2,5, ,1,N,Y, , , , , , , , , 
109176,1,1,1,2,R,3,4,1, ,2,N,Y,N,N,2,2,1,1,2,2,2
109219,1,1,1,2,S,2,3,1, ,1,N,N, , , , , , , , , 
109240,1,1,1,2,S,2,4,4, ,2,N,Y,N,N,2,2,1,1,2,2,1
109253,1,1,1,1,U,1,3,5, ,1,Y,Y, , ,1,2,2,1,2,2,2
109289,1,1,1,2,S,2,4,1, ,2,Y,N, , , , , , , , , 
109290,1,1,1,2,S,2,4,1, ,2,Y,Y, , ,2,2,1,1,2,9,9
109292,1,1,1,1,U,1,4,2, ,2,N,Y, , ,2,2,2,1,2,2,2
109304,1,1,1,2,S,2,4,3, ,2,Y,Y, , ,1,2,1,1,2,2,2
109310,1,1,1,1,U,1,4,1, ,2,Y,Y, , , , , , , , , 
109321,1,1,1,1,S,2,1,3, ,2,Y,Y, , , , , , , , , 
109379,1,1,1,1,S,2,1,5, ,1,Y,N, , , , , , , , , 
109496,1,1,1,2,S,2,1,4, ,1,Y,N,Y,Y,1,2,2,1,2,2,2
109497,1,1,1,2,S,2,3,2, ,2,N,N,N,N,1,2,2,1,2,2,1
109565,1,1,1,1,R,3,2,2, ,2,Y,8, , ,2,2,2,1,2,2,2
109567,1,1,1,2,S,2,2,3, ,1,N,Y,N,N,1,2,2,1,2,2,2
109575,1,1,1,1,R,3,2,1, ,2,N,Y, , ,1,2,1,1,1,2,1
109617,1,1,1,1,S,2,4,2, ,1,N,N, , ,1,2,1,1,1,2,1
109638,1,1,1,1,U,1,1,5, ,1,N,N, , , , , , , , , 
109686,1,1,1,2,S,2,2,3, ,2,Y,N, ,Y, ,2, ,1,2,2,2
109706,1,1,1,1,S,2,3,3, ,1,N,N,Y,Y,1,2,1,1,2,2,2
109729,1,1,1,2,U,1,3,4, ,2,N,N, , , , , , , , , 
109769,1,1,1,1,S,2,3,4, ,2,Y,Y,Y,Y,2,2,1,1,2,2,2
109775,1,1,1,2,S,2,4,2, ,2,N,N, , , , , , , , , 
109795,1,1,1,1,U,1,1,5, ,2,Y,Y, , ,2,1,2,1,2,2,2
109814,1,1,1,2,U,1,4,4, ,2,Y,Y, , ,1,2,1,1,1,2,2
109848,1,1,1,1,R,3,2,1, ,1,N,N, , ,1,2,2,1,2,2,2
109851,1,1,1,1,R,3,4,1, ,2,Y,Y, , ,2,2,2,1,1,2,2
109859,1,1,1,1,S,2,4,3, ,1,Y,Y, , ,2,1,2,2,2,2,2
109902,1,1,1,2,S,2,1,5, ,2,Y,Y, ,Y, ,1, ,1,2,2,2
109919,1,1,1,2,S,2,3,3, ,1,N,N, , ,2,8,2,1,2,2,2
109936,1,1,1,2,S,2,1,4, ,1,Y,Y,Y,Y,2,2,2,1,2,2,2
109960,1,1,1,1,U,1,2,2, ,2,N,Y, , ,1,2,1,1,1,2,2
109983,1,1,1,2,S,2,1,3, ,1,N,N, , , ,2, ,1,1,2,2
110003,1,1,1,1,U,1,2,5, ,2,Y,Y, , , ,2, ,2,2,2,2
110006,1,1,1,1,U,1,2,5, ,2,Y,Y, , , , , , , , , 
110020,1,1,1,2,S,2,4,2, ,2,Y,Y, , ,2,1,2,1,2,2,2
110022,1,1,1,1,U,1,4,2, ,2,Y,Y,Y,Y,2,2,2,2,2,2,2
110041,1,1,1,2,S,2,4,3, ,1,N,N,Y,N,2,2,2,1,2,2,2
110080,1,1,1,2,R,3,3,1, ,1,Y,Y, , ,2,2,2,1,2,2,2
110106,1,1,1,2,R,3,3,1, ,2,N,Y, , ,1,1,1,1,1,2,2
110111,1,1,1,1,U,1,3,3, ,1,N,N, , ,1,1,1,1,1,2,2
110116,1,1,1,2,S,2,2,1, ,1,Y,Y, , , ,2, ,1,2,2,2
110131,1,1,1,1,U,1,3,3, ,1,Y,N, , , , , , , , , 
110138,1,1,1,1,S,2,2,3, ,2,Y,Y,Y,N,2,2,1,1,2,2,2
110177,1,1,1,2,S,2,3,2, ,1,N,N, , ,1,2,1,1,1,2,2
110306,1,1,1,1,S,2,4,2, ,2,N,N, , ,1,2,1,1,2,2,2
110328,1,1,1,1,R,3,3,1, ,1,Y,Y, , , , , , , , , 
110357,1,1,1,1,R,3,3,2, ,2,N,N,Y,N,2,2,1,1,1,2,2
110375,1,1,1,1,R,3,3,1, ,2,Y,Y, , , , , , , , , 
110383,1,1,1,2,U,1,2,1, ,1,Y,N, , ,2,2,1,2,2,2,2
110388,1,1,1,1,R,3,2,1, ,2,N,N,Y,Y,1,2,1,1,1,1,1
110396,1,1,1,1,S,2,3,1, ,1,N,Y,N,N,2,2,1,1,2,2,2
110408,1,1,1,1,S,2,3,2, ,2,N,N, , ,1,2,2,1,1,2,2
110428,1,1,1,1,S,2,4,4, ,2,N,N,Y,N,2,2,1,1,2,2,2
110435,1,1,1,2,U,1,4,3, ,1,N,N,Y,Y,2,2,1,2,2,2,2
110440,1,1,1,1,S,2,2,2, ,2,Y,Y,Y,N,2,2,1,2,2,1,1
110444,1,1,1,2,S,2,4,2, ,1,Y,Y, , ,1,2,2,1,1,2,2
110448,1,1,1,2,S,2,4,2, ,2,Y,Y, , ,1,2,2,1,2,2,2
110454,1,1,1,2,S,2,3,4, ,1,N,N, , ,1,8,1,1,2,1,1
110535,1,1,1,1,R,3,3,1, ,2,Y,Y, , ,2,2,1,1,1,2,2
110582,1,1,1,1,S,2,3,4, ,1,N,N, , ,1,1,2,1,2,2,2
110593,1,1,1,2,S,2,3,3, ,1,N,N,N,N,1,1,2,1,1,2,1
110621,1,1,1,1,U,1,4,5, ,2,N,Y,Y,Y,2,2,2,1,2,2,2
110728,1,1,1,2,U,1,4,5, ,1,Y,Y, , ,2,2,2,1,2,2,2
110729,1,1,1,1,U,1,4,1, ,2,N,N, , , , , , , , , 
110775,1,1,1,1,S,2,2,3, ,1,Y,N,Y,Y,2,2,2,2,2,2,2
110794,1,1,1,2,S,2,3,2, ,1,Y,Y, , ,1,2,2,1,2,2,2
110834,1,1,1,2,R,3,1,2, ,2,Y,Y, , ,2,2,1,2,2,2,2
110836,1,1,1,1,R,3,4,2, ,2,Y,Y, , , , , , , , , 
110854,1,1,1,1,S,2,3,2, ,2,Y,Y, , ,1,2,1,1,1,2,1
110856,1,1,1,1,S,2,3,5, ,2,Y,Y, , ,2,2,1,1,2,2,2
110917,1,1,1,1,S,2,4,1, ,2,Y,N, , , , , , , , , 
110928,1,1,1,1,S,2,1,4, ,2,Y,Y, , , , , , , , , 
110936,1,1,1,1,S,2,1,3, ,1,Y,Y, , , ,2, ,2,2,2,2
110976,1,1,1,2,R,3,3,1, ,1,Y,Y, , , , , , , , , 
110977,1,1,1,2,S,2,1,4, ,2,Y,Y, , ,1,2,2,1,2,2,2
110996,1,1,1,1,S,2,2,3, ,2,N,Y,Y,N,2,2,1,1,2,2,2
111059,1,1,1,1,S,2,2,4, ,2,N,N,Y,Y,1,2,1,1,1,2,1
111060,1,1,1,2,U,1,3,2, ,1,Y,N, , , , , , , , , 
111063,1,1,1,2,S,2,2,1, ,2,Y,Y, , ,1,1,1,1,2,2,1
111072,1,1,1,2,S,2,4,3, ,2,Y,Y,Y,Y,1,1,2,1,2,2,2
111107,1,1,1,2,R,3,3,1, ,2,Y,Y,Y,N,2,2,1,1,2,2,2
111128,1,1,1,2,S,2,3,3, ,2,N,N,Y,N,1,2,1,1,1,2,1
111179,1,1,1,1,S,2,3,3, ,2,N,N, , ,2,2,1,1,1,2,2
111186,1,1,1,2,S,2,1,4, ,1,Y,Y,Y,Y,2,2,1,2,2,2,2
111190,1,1,1,1,S,2,2,5, ,2,Y,Y, , ,1,2,1,1,2,2,1
111199,1,1,1,2,S,2,1,3, ,2,N,Y,Y,Y,2,1,2,2,2,2,2
111237,1,1,1,1,S,2,3,3, ,2,Y,N, ,Y, ,2, ,2,2,2,2
111250,1,1,1,2,S,2,1,4, ,1,Y,N, , ,2,2,1,1,2,2,2
111278,1,1,1,1,S,2,4,4, ,2,Y,N, , ,2,1,2,1,2,2,2
111295,1,1,1,1,S,2,4,2, ,2,Y,Y, , ,1,2,1,1,2,2,2
111318,1,1,1,1,R,3,3,1, ,1,Y,Y, , ,1,2,1,1,1,2,1
111391,1,1,1,1,U,1,2,2, ,2,N,N, , ,2,2,2,1,2,2,2
111421,1,1,1,2,R,3,2,1, ,1,N,Y, , , , , , , , , 
111425,1,1,1,2,U,1,2,3, ,1,N,Y, , ,1,2,2,1,1,2,2
111464,1,1,1,2,S,2,3,1, ,1,N,N, , ,1,2,1,1,2,2,2
111505,1,1,1,2,S,2,1,4, ,1,N,N,Y,Y,1,2,1,1,2,2,1
111522,1,1,1,2,S,2,1,4, ,2,Y,N, , ,1,2,1,1,2,2,2
111528,1,1,1,1,S,2,3,4, ,1,N,N, , ,1,2,1,1,2,2,2
111538,1,1,1,2,U,1,3,4, ,1,N,Y,Y,N,2,2,2,1,2,2,2
111560,1,1,1,1,U,1,4,1, ,1,Y,N, , ,2,2,1,2,2,2,2
111633,1,1,1,2,S,2,3,2, ,1,N,N,N,N,1,2,1,1,2,2,1
111661,1,1,1,2,S,2,1,4, ,2,Y,N, ,Y, ,2, ,2,2,2,2
111720,1,1,1,1,S,2,1,3, ,2,Y,Y, , ,2,2,2,1,2,2,2
111733,1,1,1,1,U,1,4,4, ,1,Y,Y, , , , , , , , , 
200006,2,2,1,2, , ,2,5,2,2,Y,N, , ,1,2,1,1,1,2,2
200026,2,2,1,1, , ,3,5,2,1,Y,N, , ,1,2,1,1,2,2,2
200027,2,2,1,1, , ,1,1,2,1,N,Y, , ,1,2,1,1,2,2,2
200029,2,2,1,2, , ,3,4,2,1,N,N,Y,Y,2,2,1,2,1,2,1
200061,2,2,1,2, , ,3,3,2,2,Y,Y, , , , , , , , , 
200063,2,2,1,2, , ,1,3,2,2,N,N, , ,1,2,1,1,2,2,1
200071,2,2,1,1, , ,3,3,2,1,N,Y, , ,1,2,1,1,1,2,1
200085,2,2,1,1, , ,3,3,2,2,Y,Y, , , , , , , , , 
200120,2,2,1,2, , ,2,5,2,2,Y,Y,Y,Y,2,2,1,1,2,2,2
200154,2,2,1,1, , ,3,1,2,1,Y,Y, , , , , , , , , 
200155,2,2,1,1, , ,2,4,2,2,N,N,Y,Y,1,1,1,1,2,2,2
200178,2,2,1,2, , ,2,2,2,2,N,N, , , , , , , , , 
200271,2,2,1,2, , ,3,4,2,2,Y,Y, ,Y, ,2, ,2,2,2,2
200278,2,2,1,2, , ,3,3,2,2,N,Y,Y,Y,2,2,2,1,2,2,2
200358,2,2,1,2, , ,3,4,2,2,Y,Y, , , , , , , , , 
200379,2,2,1,1, , ,3,3,2,1,Y,Y, ,N, ,2, ,1,2,2,2
200414,2,2,1,2, , ,2,5,2,2,N,N,Y,Y,1,2,2,1,1,2,1
200436,2,2,1,1, , ,3,1,2,2,N,N,N,N,2,2,2,1,1,2,2
200472,2,2,1,1, , ,3,4,2,2,N,N, , ,1,1,1,1,2,2,1
200527,2,2,1,2, , ,3,4,2,1,Y,Y, , ,1,2,1,1,2,2,1
200572,2,2,1,1, , ,3,3,2,2,N,Y, , , , , , , , , 
200580,2,2,1,2, , ,3,1,2,2,N,N,N,N,1,2,1,1,2,1,1
200584,2,2,1,2, , ,1,2,2,2,Y,Y, , , , , , , , , 
200606,2,2,1,2, , ,3,1,2,1,N,Y, , ,2,2,1,2,8,2,2
200657,2,2,1,2, , ,4,1,2,1,Y,Y, , , ,2, ,2,2,2,2
200698,2,2,1,1, , ,3,4,2,1,N,N,N,N,1,2,2,1,2,2,2
200719,2,2,1,2, , ,2,1,2,2,Y,Y, , , ,2, ,1,2,2,2
200723,2,1,1,2,S,2,4,3,2,2,N,Y,Y,Y,2,8,1,1,2,2,2
200735,2,2,1,2, , ,3,4,2,2,N,N,N,N,1,1,1,1,1,2,2
200785,2,1,1,2,U,1,3,5,2,1,N,N, , ,1,1,1,1,1,2,2
200798,2,2,1,2, , ,4,5,2,1,N,Y, , ,2,2,2,1,2,2,2
200816,2,2,1,2, , ,4,5,2,2,Y,Y, , ,1,2,1,1,2,2,2
200879,2,2,1,1, , ,3,2,2,2,N,Y,Y,Y,2,1,1,1,1,2,1
200902,2,2,1,1, , ,3,4,2,1,N,Y,N,N,2,2,1,1,2,2,1
200912,2,2,1,2, , ,1,4,2,2,Y,N, , , , , , , , , 
200913,2,2,1,2, , ,1,3,2,1,N,Y, , ,1,2,1,1,1,2,2
200949,2,1,1,2,R,3,3,2,2,2,N,Y, , ,1,2,1,1,2,2,2
200996,2,2,1,1, , ,3,4,2,2,N,Y, , ,2,2,2,1,2,2,2
201052,2,2,1,2, , ,1,4,2,1,N,N, , ,1,2,1,1,2,2,2
201128,2,2,1,2, , ,3,3,2,2,N,N, , , , , , , , , 
201137,2,2,1,1, , ,3,5,2,2,N,Y, , ,1,2,1,1,2,2,2
201144,2,2,1,1, , ,3,2,2,1,Y,Y, , ,1,1,1,2,1,2,2
201170,2,2,1,2, , ,2,1,2,1,Y,Y, , , ,2, ,2,2,2,2
201171,2,2,1,1, , ,3,1,2,1,N,N, , , , , , , , , 
201223,2,2,1,1, , ,4,4,2,1,N,N, , , , , , , , , 
201229,2,2,1,1, , ,3,1,2,2,N,Y,N,N,1,2,1,1,2,2,2
201241,2,2,1,1, , ,3,1,2,2,N,N,N,N,1,2,2,1,2,2,2
201262,2,2,1,2, , ,2,3,2,1,Y,N, , , , , , , , , 
201355,2,2,1,2, , ,3,3,2,1,N,N, , ,1,2,1,1,2,2,2
201387,2,2,1,1, , ,2,2,2,1,Y,Y,Y,Y,2,2,1,2,2,2,2
201425,2,2,1,2, , ,3,1,2,1,Y,Y, , , ,2, ,1,2,2,2
201544,2,2,1,2, , ,1,1,2,2,Y,Y, , ,1,2,1,1,1,2,2
201556,2,2,1,1, , ,1,4,2,1,Y,Y,Y,N,1,2,2,1,2,2,1
201559,2,2,1,1, , ,1,3,2,2,Y,Y, , ,2,2,2,1,2,2,2
201606,2,2,1,1, , ,3,2,2,1,Y,Y, , , , , , , , , 
201627,2,2,1,2, , ,4,1,2,1,Y,Y, , , , , , , , , 
201658,2,2,1,2, , ,2,2,2,1,Y,N, , ,1,2,2,1,2,2,2
201667,2,2,1,1, , ,3,2,2,2,N,Y,N,N,2,2,2,1,2,2,2
201686,2,2,1,2, , ,2,1,2,2,Y,N,Y,Y,2,2,2,1,2,2,2
201698,2,2,1,1, , ,2,3,2,2,N,N, , ,1,1,2,1,1,1,1
201701,2,2,1,2, , ,2,1,2,2,N,N,N,N,1,2,1,1,1,2,2
201738,2,2,1,1, , ,2,1,2,1,Y,N, , , , , , , , , 
201765,2,2,1,1, , ,3,2,2,2,Y,Y, , ,2,1,2,1,2,2,2
201860,2,2,1,2, , ,4,2,2,2,Y,Y,Y,Y,2,2,2,1,2,2,2
201871,2,2,1,1, , ,4,3,2,2,N,N,N,N,1,2,2,1,1,2,1
201904,2,2,1,2, , ,3,2,2,1,N,N, , ,1,2,2,1,1,2,1
201906,2,2,1,2, , ,1,2,2,1,Y,Y, , , , , , , , , 
201912,2,2,1,2, , ,3,3,2,2,N,Y, , ,2,2,2,2,2,2,2
201919,2,2,1,2, , ,1,1,2,1,N,N, , ,1,2,2,1,1,2,2
201932,2,2,1,1, , ,3,3,2,2,N,N, , , , , , , , , 
202006,2,2,1,2, , ,1,5,2,1,N,Y, , ,2,1,1,1,1,2,2
202064,2,2,1,1, , ,1,4,2,1,Y,Y, , ,2,1,2,1,2,2,2
202107,2,2,1,1, , ,4,1,2,1,Y,N, , ,1,1,2,2,1,2,1
202111,2,2,1,2, , ,4,4,2,1,Y,N, , ,1,1,2,1,2,2,1
202115,2,2,1,1, , ,4,1,2,1,N,N, , ,1,2,2,1,1,2,1
202120,2,2,1,1, , ,4,5,2,2,N,N,Y,Y,1,2,2,1,2,2,2
202124,2,2,1,2, , ,3,2,2,1,Y,Y, , ,2,8,2,1,2,2,2
202127,2,2,1,1, , ,2,5,2,1,N,Y, , , , , , , , , 
202128,2,2,1,2, , ,3,4,2,1,N,N, , ,2,2,1,1,2,2,2
202147,2,2,1,2, , ,2,5,2,2,Y,Y, , ,2,2,2,2,2,2,2
202209,2,2,1,2, , ,4,1,2,1,N,N, , ,1,2,1,1,2,2,1
202266,2,2,1,1, , ,3,2,2,1,N,N, , ,1,1,1,1,2,2,2
202269,2,2,1,2, , ,3,3,2,2,N,N, , ,1,2,1,1,1,2,1
202275,2,2,1,1, , ,3,4,2,2,Y,Y, , , , , , , , , 
202314,2,2,1,2, , ,2,1,2,1,N,N,N,N,1,1,1,1,2,2,2
202397,2,2,1,2, , ,4,2,2,2,Y,N, , , ,2, ,1,2,2,2
202406,2,2,1,1, , ,4,1,2,1,N,N,N,N,1,2,2,1,1,2,2
202459,2,2,1,1, , ,1,2,2,2,N,Y, , ,2,2,1,1,2,2,2
202475,2,2,1,1, , ,3,3,2,2,N,N, ,N, ,2, ,1,2,2,2
202483,2,2,1,2, , ,1,3,2,1,Y,Y, , ,1,2,2,2,2,2,2
202491,2,2,1,1, , ,3,3,2,1,N,N,N,N,2,2,2,2,2,2,2
202614,2,2,1,2, , ,4,1,2,2,Y,Y, , , , , , , , , 
202626,2,2,1,1, , ,4,2,2,2,N,N, , ,1,2,1,1,2,2,2
202657,2,2,1,2, , ,3,3,2,2,Y,Y, , , ,2, ,1,2,2,9
202675,2,2,1,2, , ,1,2,2,1,N,Y,Y,Y,2,2,2,2,2,2,2
202681,2,2,1,2, , ,2,3,2,2,N,N, , ,2,2,2,1,1,1,2
202709,2,2,1,2, , ,1,4,2,2,Y,Y, , ,1,2,1,1,2,2,2
202725,2,2,1,2, , ,4,3,2,1,N,Y, , ,2,2,2,2,2,2,2
202784,2,2,1,1, , ,3,1,2,1,Y,Y,Y,Y,2,2,2,1,2,2,2
202815,2,2,1,2, , ,3,5,2,1,N,N, , ,1,2,1,1,1,2,2
202835,2,2,1,1, , ,2,5,2,2,N,Y, , ,1,2,1,1,2,2,2
202844,2,2,1,2, , ,2,2,2,1,Y,Y, , ,2,1,2,1,2,2,2
202896,2,2,1,1, , ,2,1,2,1,Y,Y, , ,2,2,1,2,2,2,2
202899,2,2,1,2, , ,3,2,2,1,N,N, , ,1,1,2,1,1,2,2
202935,2,2,1,1, , ,1,4,2,2,Y,Y, , ,2,8,2,1,2,2,2
202985,2,2,1,2, , ,1,4,2,2,N,N,Y,N,2,2,2,1,1,2,2
202995,2,2,1,1, , ,3,4,2,1,N,N, , ,1,1,1,1,2,2,1
203046,2,2,1,1, , ,3,1,2,1,Y,N, , ,1,2,1,1,2,2,2
203078,2,2,1,2, , ,3,4,2,2,N,Y, , ,2,1,2,1,1,2,2
203115,2,2,1,2, , ,3,2,2,2,Y,Y, , , , , , , , , 
203136,2,2,1,2, , ,2,1,2,1,Y,Y, , ,2,2,1,1,2,2,2
203160,2,2,1,1, , ,3,1,2,1,Y,Y, , ,2,2,1,2,2,9,2
203198,2,2,1,1, , ,4,1,2,2,Y,Y, , ,2,2,1,2,2,2,2
203205,2,2,1,1, , ,3,2,2,2,Y,Y, , , , , , , , , 
203216,2,2,1,1, , ,2,5,2,2,Y,Y, , , , , , , , , 
203299,2,2,1,1, , ,2,3,2,1,N,Y,Y,N,1,1,1,1,2,2,2
203316,2,2,1,1, , ,3,2,2,2,Y,N,Y,N,1,2,1,1,2,2,2
203322,2,2,1,2, , ,3,5,2,2,N,N, , ,2,1,2,2,2,2,2
203405,2,2,1,2, , ,2,2,2,1,N,Y,N,N,2,2,2,1,2,2,1
203429,2,2,1,2, , ,2,1,2,1,N,Y, , ,2,1,1,1,2,2,2
203438,2,2,1,2, , ,3,2,2,2,Y,Y, , , , , , , , , 
203448,2,2,1,2, , ,3,2,2,2,N,N, , ,2,2,2,1,2,2,2
203485,2,2,1,1, , ,2,5,2,2,N,Y, , ,2,2,1,1,2,2,2
203514,2,2,1,1, , ,2,2,2,2,N,N,N,N,2,2,1,1,1,2,1
203562,2,2,1,2, , ,3,4,2,2,N,Y, , ,2,2,1,1,2,2,2
203585,2,2,1,1, , ,4,3,2,1,N,N, , ,2,2,1,1,2,2,2
203619,2,2,1,2, , ,4,3,2,2,Y,Y, , ,1,2,1,1,1,2,2
203643,2,2,1,1, , ,3,4,2,1,Y,Y, , ,2,2,1,2,1,2,2
203687,2,2,1,2, , ,4,5,2,2,N,N,N,N,1,2,2,1,2,2,2
203711,2,2,1,2, , ,2,1,2,2,N,Y,Y,N,2,2,2,1,2,2,2
203745,2,2,1,2, , ,2,3,2,2,Y,Y, , ,2,2,2,1,2,2,2
203750,2,2,1,1, , ,1,3,2,2,Y,N, , ,2,2,2,1,2,2,2
203753,2,2,1,1, , ,3,3,2,2,N,N,Y,N,1,2,1,1,1,1,1
203798,2,1,1,1,U,1,4,4,2,2,N,N,N,Y,1,1,1,1,2,2,1
203800,2,2,1,1, , ,3,4,2,1,N,N, , ,1,2,1,1,1,1,1
203809,2,2,1,1, , ,2,5,2,1,N,N,Y,Y,2,2,1,1,1,2,2
203846,2,2,1,1, , ,2,2,2,2,Y,Y, , ,2,2,2,1,2,2,2
203850,2,2,1,1, , ,2,1,2,2,N,N, , , ,8, ,1,2,2,2
203855,2,2,1,1, , ,3,1,2,2,Y,N, , , , , , , , , 
203870,2,2,1,1, , ,3,4,2,2,Y,Y, , ,2,2,2,1,2,2,2
203886,2,1,1,2,U,1,4,5,2,2,N,N, , , ,1, ,2,2,2,2
203921,2,2,1,1, , ,2,5,2,2,N,Y,Y,N,2,2,2,1,2,2,2
203997,2,1,1,1,R,3,3,2,2,1,N,N, , ,1,2,2,1,2,2,2
204009,2,2,1,1, , ,3,1,2,1,Y,N, , ,2,2,1,1,2,2,2
204027,2,2,1,1, , ,3,1,2,2,Y,8, , , ,2, ,1,1,2,2
204069,2,2,1,1, , ,2,1,2,1,N,N,Y,Y,1,2,1,1,1,2,2
204114,2,2,1,2, , ,2,2,2,1,Y,N,Y,N,2,1,1,1,2,2,2
204140,2,2,1,1, , ,3,2,2,2,Y,Y, , ,2,2,2,1,2,2,2
204150,2,2,1,2, , ,2,5,2,2,N,N, , ,1,2,1,1,1,2,2
204207,2,2,1,1, , ,1,4,2,1,Y,Y, , , , , , , , , 
204233,2,2,1,2, , ,3,1,2,1,N,Y,Y,N,2,2,1,1,2,2,2
204242,2,2,1,1, , ,3,5,2,2,N,N, , , , , , , , , 
204305,2,2,1,1, , ,4,4,2,2,N,N,Y,N,2,2,1,1,1,1,1
204369,2,2,1,1, , ,4,1,2,1,N,Y, ,Y, ,2, ,1,2,2,1
204388,2,1,1,2,S,2,2,4,2,2,N,N, , ,1,2,1,1,2,2,2
204401,2,2,1,2, , ,4,3,2,2,N,Y, , ,1,2,2,1,1,2,2
204455,2,2,1,2, , ,4,2,2,1,Y,Y, , , , , , , , , 
204502,2,2,1,2, , ,4,4,2,2,Y,Y, , ,1,2,2,1,2,2,2
204512,2,2,1,1, , ,3,1,2,1,Y,N, , ,2,2,2,1,2,2,2
204539,2,2,1,1, , ,1,3,2,2,N,N, , , , , , , , , 
204552,2,2,1,1, , ,1,4,2,1,N,Y,N,N,2,2,1,1,2,2,2
204557,2,2,1,1, , ,3,3,2,1,N,Y, , ,1,2,1,1,2,2,2
204578,2,2,1,2, , ,2,4,2,2,Y,Y, , ,2,2,1,1,2,2,2
204584,2,1,1,1,U,1,2,4,2,2,Y,Y, , , , , , , , , 
204629,2,2,1,1, , ,3,2,2,1,Y,N, ,Y, ,1, ,1,2,2,1
204651,2,2,1,1, , ,3,3,2,2,N,Y,Y,Y,2,2,2,1,2,2,2
204670,2,2,1,1, , ,3,1,2,1,Y,Y, , , , , , , , , 
204713,2,2,1,2, , ,4,5,2,2,N,Y, , , , , , , , , 
204780,2,2,1,2, , ,3,4,2,2,Y,N, , ,1,2,1,1,2,2,2
204848,2,2,1,2, , ,2,1,2,2,N,Y, , ,2,2,2,1,2,2,2
204866,2,2,1,2, , ,3,2,2,2,N,N, , ,2,2,1,1,2,2,2
204942,2,2,1,2, , ,2,1,2,2,Y,Y,Y,Y,2,2,2,1,2,2,2
204945,2,2,1,1, , ,2,3,2,2,N,Y, , ,1,2,2,1,1,2,1
204973,2,2,1,2, , ,3,4,2,2,N,Y, , ,2,2,2,1,2,2,2
204991,2,2,1,2, , ,3,4,2,2,N,N, , ,1,2,1,1,1,2,1
205002,2,2,1,1, , ,4,2,2,1,N,Y, , ,2,2,1,1,2,2,2
205012,2,2,1,2, , ,4,1,2,1,Y,N, , , , , , , , , 
205041,2,2,1,1, , ,3,4,2,2,Y,N, , ,1,2,2,1,2,2,2
205120,2,2,1,1, , ,4,2,2,1,Y,Y,Y,Y,2,1,2,1,2,2,2
205143,2,2,1,2, , ,2,1,2,2,N,N, , ,1,8,1,1,2,2,2
205144,2,2,1,1, , ,1,5,2,1,Y,Y, , ,1,2,2,1,1,2,2
205158,2,2,1,1, , ,4,5,2,1,N,N,N,N,1,2,1,1,1,2,1
205167,2,2,1,2, , ,4,3,2,2,Y,Y, , ,2,1,1,1,2,2,2
205212,2,2,1,1, , ,1,3,2,1,N,N,Y,N,1,2,1,1,1,2,1
205233,2,2,1,2, , ,3,4,2,2,Y,Y,Y,Y,2,2,2,1,2,2,2
205287,2,2,1,2, , ,2,1,2,2,N,N,Y,N,2,2,1,1,2,2,2
205302,2,2,1,1, , ,1,5,2,2,Y,N, , , , , , , , , 
205314,2,2,1,2, , ,1,3,2,2,Y,Y,Y,N,2,2,2,1,2,2,2
205403,2,2,1,1, , ,3,4,2,2,N,N, , ,2,2,2,1,1,2,2
205407,2,2,1,2, , ,1,5,2,1,Y,Y, , , ,1, ,2,2,2,2
205451,2,2,1,2, , ,1,4,2,2,Y,Y, , , ,1, ,2,2,2,2
205488,2,2,1,1, , ,3,1,2,2,N,Y,Y,N,2,2,2,1,2,2,2
205508,2,2,1,2, , ,3,1,2,2,Y,Y, , , , , , , , , 
205509,2,2,1,1, , ,2,1,2,2,N,N, , , ,1, ,1,2,2,2
205513,2,2,1,2, , ,3,3,2,2,Y,Y, , ,2,2,2,1,2,2,2
205541,2,2,1,1, , ,2,5,2,2,N,N,N,Y,1,2,1,1,2,2,2
205544,2,2,1,1, , ,2,5,2,1,Y,Y,Y,Y,1,2,1,1,2,2,2
205562,2,2,1,2, , ,4,1,2,1,Y,Y,Y,Y,2,2,2,1,2,2,2
205566,2,2,1,2, , ,4,1,2,2,N,N,N,N,1,2,1,1,2,2,1
205593,2,1,1,2,S,2,1,3,2,2,N,Y, , , , , , , , , 
205668,2,2,1,2, , ,4,3,2,1,Y,Y, , ,2,2,1,1,1,2,2
205694,2,1,1,1,U,1,2,4,2,2,Y,N, , , , , , , , , 
205748,2,2,1,1, , ,2,4,2,2,N,Y,N,N,2,2,1,1,1,1,1
205750,2,2,1,2, , ,3,2,2,2,Y,Y, , ,2,1,1,1,2,2,2
205765,2,2,1,1, , ,3,2,2,2,Y,Y, , , , , , , , , 
205768,2,2,1,2, , ,4,2,2,2,N,N, , ,1,1,1,1,1,2,2
205794,2,1,1,2,R,3,2,1,2,1,Y,Y, , , , , , , , , 
205890,2,2,1,1, , ,2,5,2,1,Y,Y, , , , , , , , , 
205971,2,2,1,2, , ,2,5,2,2,Y,Y, , ,1,2,9,9,9,9,9
206015,2,2,1,1, , ,1,3,2,2,Y,Y, , ,2,2,1,1,2,2,2
206079,2,2,1,1, , ,1,3,2,1,Y,N, , , , , , , , , 
206153,2,2,1,2, , ,4,4,2,2,N,Y,N,N,1,2,1,1,1,2,2
206155,2,2,1,1, , ,4,2,2,2,N,Y, , , ,2, ,1,2,2,2
206225,2,2,1,2, , ,2,1,2,1,N,Y, , ,2,2,2,1,2,2,2
206226,2,2,1,2, , ,4,2,2,1,Y,Y,Y,Y,2,2,2,1,2,2,2
206229,2,2,1,2, , ,4,3,2,2,N,Y,N,N,1,2,1,1,1,2,2
206290,2,2,1,2, , ,3,3,2,2,Y,Y, , ,2,2,2,1,2,2,2
206364,2,2,1,2, , ,4,3,2,1,Y,Y, ,Y, ,2, ,1,2,2,2
206436,2,2,1,1, , ,3,1,2,2,N,Y, , ,2,1,1,1,1,2,2
206446,2,2,1,2, , ,3,4,2,1,Y,Y, , , , , , , , , 
206468,2,2,1,1, , ,2,1,2,1,Y,Y, , , ,2, ,2,2,2,2
206474,2,2,1,2, , ,3,1,2,1,Y,Y, , ,1,2,1,2,2,2,2
206536,2,2,1,1, , ,1,3,2,1,N,Y, , ,1,2,1,1,1,2,2
206553,2,2,1,1, , ,2,2,2,1,N,N, , , , , , , , , 
206599,2,2,1,1, , ,3,3,2,1,Y,Y, , ,2,2,1,1,2,2,2
206617,2,2,1,1, , ,2,3,2,2,N,Y, , ,2,2,2,2,2,2,2
206649,2,2,1,1, , ,4,2,2,1,Y,Y, , , ,8, ,8,2,2,2
206676,2,2,1,1, , ,3,4,2,2,N,N, , ,1,2,2,1,1,2,2
206683,2,2,1,2, , ,2,3,2,2,Y,Y, , , ,2, ,1,1,2,2
206686,2,2,1,2, , ,2,3,2,2,Y,Y, , , , , , , , , 
206720,2,2,1,1, , ,1,2,2,2,N,Y, , ,2,2,1,1,2,2,2
206765,2,2,1,1, , ,1,2,2,1,N,N, , , , , , , , , 
206774,2,2,1,2, , ,3,1,2,2,Y,Y, , ,2,2,2,2,2,2,2
206906,2,2,1,2, , ,3,3,2,2,Y,Y, , , , , , , , , 
206967,2,2,1,1, , ,3,2,2,2,Y,N, , ,2,1,2,1,2,2,2
206969,2,2,1,2, , ,3,1,2,2,N,N, , ,1,2,1,1,1,2,2
206991,2,2,1,2, , ,3,4,2,1,N,N, , ,1,2,1,1,1,2,1
207022,2,2,1,1, , ,4,1,2,2,N,Y, , , , , , , , , 
207059,2,2,1,2, , ,2,3,2,2,Y,Y, , , ,2, ,1,2,2,2
207111,2,2,1,1, , ,4,4,2,2,N,N, , , , , , , , , 
207119,2,2,1,1, , ,4,2,2,2,Y,Y, , ,2,1,2,2,2,2,2
207149,2,2,1,1, , ,4,5,2,2,N,N,Y,Y,1,1,1,1,2,2,2
207294,2,2,1,2, , ,3,1,2,2,N,N, , ,1,1,1,1,1,2,2
207365,2,2,1,2, , ,4,3,2,2,N,Y, , ,1,2,2,1,2,2,2
207407,2,2,1,2, , ,2,1,2,2,N,Y,Y,Y,1,2,2,1,1,1,1
207418,2,2,1,2, , ,3,1,2,1,N,N, , ,2,2,1,1,2,2,2
207450,2,2,1,1, , ,2,2,2,2,Y,Y, , , , , , , , , 
207502,2,2,1,1, , ,3,3,2,1,N,Y, , ,1,2,1,2,2,2,2
207516,2,2,1,1, , ,2,2,2,2,N,N, , ,1,1,1,1,1,2,2
207529,2,2,1,2, , ,1,4,2,2,Y,Y, , , , , , , , , 
207619,2,2,1,2, , ,2,5,2,2,Y,N, , ,2,2,2,1,2,2,2
207624,2,2,1,2, , ,3,1,2,2,N,Y, , ,2,2,2,2,2,2,2
207802,2,2,1,2, , ,3,3,2,2,N,N,Y,Y,1,2,2,1,1,2,2
207970,2,2,1,2, , ,4,4,2,2,Y,Y, , ,2,2,2,2,2,2,2
208010,2,2,1,2, , ,4,5,2,2,Y,Y, , ,2,2,2,2,2,2,2
208043,2,2,1,1, , ,2,3,2,2,N,N, , ,1,2,1,1,2,2,2
